"Dragonfly";"Tenno";"Dragonfly";"Capture d’écran 2023-06-07 à 22.04.57.png";"X2Download.app - Tenno - Dragonfly (320 kbps).mp3"
"The Guiding Wind";"Tenno";"Soothing Breeze";"Capture d’écran 2023-06-08 à 10.23.36.png";"X2Download.app - Tenno - The Guiding Wind (Soothing Breeze) (320 kbps).mp3"
"Used to the silence";"ATTLAS & Jodie Knight";"Used to the silence";"Capture d’écran 2023-06-08 à 11.43.27.png";"X2Download.app - ATTLAS & Jodie Knight - Used To The Silence [Monstercat Release] (320 kbps).mp3"
"Blood Oath";"Vindu";"Blood Oath";"Capture d’écran 2023-06-08 à 18.46.07.png";"X2Download.app - Vindu - Blood Oath [japanese lofi_chillhop] (320 kbps).mp3"
"First Snow";"Purrple Cat";"First Snow";"Capture d’écran 2023-06-08 à 20.12.24.png";"X2Download.app - Purrple Cat - FirstSnow (320 kbps).mp3"
"Speed of sound";"HYPHN, f i l i l a, Miles & Miles";"Speed of sound";"Capture d’écran 2023-06-10 à 10.20.38.png";"X2Download.app - HYPHN & f i l i l a - Speed Of Sound (320 kbps).mp3"
"Winter Morning";"Purrple Cat";"Winter Morning";"Capture d’écran 2023-06-08 à 20.12.24_1.png";"X2Download.app - Winter Morning - purrple cat (320 kbps).mp3"
"Compulsion";"mark veins";"Compulsion";"Capture d’écran 2023-06-10 à 10.38.33.png";"X2Download.app - mark veins - Compulsion (320 kbps).mp3"
"Nocif";"Hamza, Damso";"Sincèrement";"Capture d’écran 2023-06-10 à 16.57.51.png";"X2Download.app - Nocif (320 kbps).mp3"
"Say Say Say";"Kygo, Paul McCartney, Michael Jackson";"Say Say Say";"Capture d’écran 2023-06-10 à 17.13.02.png";"X2Download.app - Kygo - Say Say Say (Lyric Video) ft. Paul McCartney, Michael Jackson (320 kbps).mp3"
"Salt Water";"Ed Sheeran";"-";"Capture d’écran 2023-06-10 à 20.27.18.png";"X2Download.app - Ed Sheeran - Salt Water [Official Lyric Video] (320 kbps).mp3"
"Borderline";"Ed Sheeran";"-";"Capture d’écran 2023-06-10 à 20.27.18_2.png";"X2Download.app - Ed Sheeran - Borderline [Official Lyric Video] (320 kbps).mp3"
"rockstar";"Post Malone, 21 Savage";"beerbongs & bentley";"Capture d’écran 2023-06-08 à 12.09.16.png";"X2Download.app - Post Malone - rockstar (Lyrics) ft. 21 Savage (320 kbps).mp3"
"Gucci Versace";"Kore, Heuss L'enfoiré";"Gucci Versace";"Capture d’écran 2023-06-10 à 20.42.47.png";"X2Download.app - Kore, Heuss L'enfoiré - Gucci Versace (Audio) (320 kbps).mp3"
"Celestial";"Ed Sheeran";"Celestial";"Capture d’écran 2023-06-10 à 20.35.32.png";"X2Download.app - Ed Sheeran, Pokémon - Celestial (Lyrics) (320 kbps).mp3"
"Noche de paz";"Gipsy latino vov";"Noche de paz";"unnamed.jpg";"X2Download.app - Noche de paz Gipsy Latino (320 kbps).mp3"
"Nature's Temple";"Tenno";"Mind Temple";"Capture d’écran 2023-06-10 à 23.23.09.png";"X2Download.app - Nature's Temple (320 kbps).mp3"
"Luna";"Tenno";"3 Am. Study Session";"Capture d’écran 2023-06-10 à 23.28.57.png";"X2Download.app - Tenno - Luna (3 AM. Study Session) (320 kbps).mp3"
"Overgrown";"Tenno";"The Inner Light";"Capture d’écran 2023-06-11 à 09.40.07.png";"X2Download.app - Overgrown (320 kbps).mp3"
"Daydreaming";"Tenno";"The Prophecy";"Capture d’écran 2023-06-11 à 10.39.11.png";"X2Download.app - Daydreaming (320 kbps).mp3"
"One Right Now";"Post Malone, The Weeknd";"One Right Now";"Capture d’écran 2023-06-11 à 13.38.19.png";"X2Download.app - Post Malone, The Weeknd - One Right Now (Audio) (320 kbps).mp3"
"10:35";"Tiësto, Tate McRae";"DRIVE";"Capture d’écran 2023-06-09 à 21.46.20.png";"X2Download.app - Tiësto & Tate McRae - 10_35 (Official Audio) (320 kbps).mp3"
